GROUP_CONCAT(DISTINCT RegistrantId),Organisation,c
"C36352945-CNIC,C36352888-CNIC",A.R.E.S. Bipiemme S.C.a r.l.,2
"C18226597-CNIC,C631903693-CNIC",ACTUA SCCL,2
"C18213343-CNIC,C265227313-CNIC",ADHERENTS.COOP UNION COOPERATIVE AGRICOLE,2
"C18217267-CNIC,C18222709-CNIC",ADULLACT PROJET,2
"C283908159-CNIC,C283908204-CNIC","AGCO, Inc.",2
"C119273763-CNIC,C18213133-CNIC",AMERICAN 1 CREDIT UNION,2
"C18226723-CNIC,C241694159-CNIC","ASC, SCCL",2
"C200982019-CNIC,C200982309-CNIC","ATIPICS, SCCL",2
"C18212455-CNIC,C18216439-CNIC",Abacus SCCL,2
"C563851653-CNIC,C563852483-CNIC",Abbey Credit Union,2
"C283885529-CNIC,C283884954-CNIC",Access Communications,2
"C540907119-CNIC,C633328023-CNIC",Accord Housing Association Limited,2
"C18209203-CNIC,C18222790-CNIC","Agri-Mark, Inc",2
"C18213091-CNIC,C45225995-CNIC",Alberta Cooperative Grocery,2
"C166182843-CNIC,C166180603-CNIC",Alfalfa Electric Cooperative Inc.,2
"C18220129-CNIC,C18232051-CNIC",All China Federation of Supply and Marketing Cooperatives,2
"C31402447-CNIC,C18216910-CNIC",Alloya Corporate FCU,2
"C138213348-CNIC,C138213356-CNIC",Alternative Inc.,2
"C18210865-CNIC,C224481739-CNIC",Amalgamated Housing Corporation,2
"C18211285-CNIC,C265849818-CNIC",Appliance Dealers Cooperative,2
"C171235103-CNIC,C161740368-CNIC",Arc Servicios Integrales de Seguros SCCL,2
"C272413843-CNIC,C178055293-CNIC",Arizmendi Bakery Cooperative,2
"C18206761-CNIC,C150098398-CNIC",Arizona Electric Power Cooperative,2
"C18207880-CNIC,C18208480-CNIC","Arizona Electric Power Cooperative, Inc.",2
"C283901099-CNIC,C283901109-CNIC",Arkansas Superior Federal Credit Union,2
"C18212587-CNIC,C43834774-CNIC",Ashland Food Cooperative,2
"C540304154-CNIC,C468968751-CNIC",Asociacion Colombiana de Cooperativas,2
"C20621619-CNIC,C18206773-CNIC",Assn. of Illinois Electric Coop. In,2
"C18228079-CNIC,C251506517-CNIC","Associated Electric Co op, Inc.",2
"C125354977-CNIC,C125354192-CNIC",Atlantic Towers Apartment Corporation,2
"C69261269-CNIC,C523130819-CNIC",Australian IYC Secretariat,2
"C283884679-CNIC,C283887694-CNIC",Azienda agricola Leggero Luca,2
"C18211465-CNIC,C219328259-CNIC",BANCO CREDICOOP COOPERATIVO LTDO,2
"C18220258-CNIC,C247078854-CNIC",BEK Communications,2
"C283883524-CNIC,C484265149-CNIC",BETADUE COOPERATIVA SOCIALE DI TIPO B ONLUS,2
"C325349691-CNIC,C383539645-CNIC",BIOCOOP SA,2
"C18210799-CNIC,C582267613-CNIC","Bartlett Electric Cooperative, Inc.",2
"C283906674-CNIC,C283906679-CNIC",Ben Lomand Telephone,2
"C18206833-CNIC,C192785949-CNIC",Berkeley Electric Cooperative,2
"C283886669-CNIC,C531820529-CNIC",Best Reward Credit Union,2
"C18209845-CNIC,C19041877-CNIC",Bethpage FCU,2
"C625903463-CNIC,C625903808-CNIC",Blachly-Lane Electric Cooperative,2
"C18206818-CNIC,C38271698-CNIC",Blue Ridge Electric Cooperative,2
"C18206824-CNIC,C18206827-CNIC",Boone County REMC,2
"C18224293-CNIC,C18224299-CNIC",Bravofly SA,2
"C18206839-CNIC,C84859932-CNIC",Brown County Rural Electric Assn.,2
"C18212167-CNIC,C18224686-CNIC",Bundesverband der Deutschen Volksbanken und Raiffeisenbanken,2
"C444556021-CNIC,C283884799-CNIC",Butler county rural electric coop,2
"C501116544-CNIC,C521152589-CNIC",BuyLibre,2
"C636479363-CNIC,C18211381-CNIC",CABAL COOPERATIVA DE PROVISION DE SERVICIOS LTDA,2
"C18231166-CNIC,C283372669-CNIC",CBN,2
"C18211795-CNIC,C18211801-CNIC",CCVF,2
"C18212044-CNIC,C18223816-CNIC",CELMAR,2
"C86953300-CNIC,C395673990-CNIC",CERP ROUEN,2
"C135131861-CNIC,C135131811-CNIC",CGIN,2
"C18207448-CNIC,C302850099-CNIC",CHS Inc,2
"C322063316-CNIC,C511154764-CNIC",CLARABOIA AUDIOVISUAL SCCL,2
"C18210532-CNIC,C18230503-CNIC",CO-OP Tohoku Sunnet Business Federation,2
"C225083344-CNIC,C108247196-CNIC",COBAT,2
"C391273845-CNIC,C414140601-CNIC",COFFED,2
"C18211513-CNIC,C18217678-CNIC",COL.LECTIU RONDA SCCL,2
"C18216796-CNIC,C18217600-CNIC",CONSORZIO IMPRONTE SOCIALI Societa Cooperativa Sociale,2
"C18214951-CNIC,C268698028-CNIC",CONSUMERS CO-OPERATIVE SAPPORO,2
"C18213364-CNIC,C18208714-CNIC",COOP FR,2
"C18219694-CNIC,C18219700-CNIC",COOP NORGE AS,2
"C605294943-CNIC,C605295023-CNIC",COOP SP. Z O.O.,2
"C18215296-CNIC,C71615769-CNIC",COOPERAR Confederacion Cooperativa de la Republica Argentina,2
"C79145856-CNIC,C44945342-CNIC",COOPERATIVA DE A/C DR. MANUEL ZENO GANDIA,2
"C161665888-CNIC,C161665233-CNIC",COOPERATIVA DE AHORRO Y CREDITO UNION COLOMBIANA,2
"C215402004-CNIC,C18207436-CNIC",COOPERATIVA DE SEGUROS MULTIPLES DE PUERTO RICO,2
"C532291544-CNIC,C579928853-CNIC",COOPERATIVA DE VENDEDORES DE APUESTAS,2
"C508829784-CNIC,C604487108-CNIC",COOPERATIVE EUREDEN,2
"C234702804-CNIC,C222872939-CNIC",CREDIT AGRICOLE S.A.,2
"C119619131-CNIC,C124000472-CNIC",CU Community LLC,2
"C18210814-CNIC,C379292155-CNIC",Calgary Co operative Association Limited,2
"C18221128-CNIC,C556183768-CNIC",CanTrust Hosting Co-operative,2
"C283905759-CNIC,C283905744-CNIC",Canadian Co operative Association (CCA),2
"C79489026-CNIC,C79488825-CNIC",Cape Hatteras Electric Co op,2
"C212116534-CNIC,C212116554-CNIC",Care Share Cooperative,2
"C96657116-CNIC,C96657074-CNIC",Carolina Postal Credit Union,2
"C20714743-CNIC,C273409283-CNIC",Cent Cent Savings and Credit Co-operative Society Limited,2
"C18206902-CNIC,C18206905-CNIC","Central Electric Cooperative, Inc.",2
"C283889629-CNIC,C283889784-CNIC",Central Missouri Community Credit Union,2
"C18206923-CNIC,C522304644-CNIC",Central Rural Electric Cooperative,2
"C509324059-CNIC,C664408094-CNIC",Cervesa Artesana Estrella Negra SCCL,2
"C24576927-CNIC,C24576945-CNIC",Choptank Electric Cooperative Inc.,2
"C382532475-CNIC,C382528020-CNIC","Chugach Electric Assoc., Inc.",2
"C18210931-CNIC,C315545611-CNIC",Co operative Housing Federation of Canada,2
"C18225280-CNIC,C403280870-CNIC",Co-op Culture,2
"C18207283-CNIC,C18223924-CNIC",Co-operative Assistance Network Ltd,2
"C18214711-CNIC,C18220522-CNIC",Co-operative College,2
"C83859460-CNIC,C559990808-CNIC",Co-operative Federation of NSW Ltd,2
"C18225865-CNIC,C132320937-CNIC",Co-operative Housing Federation of Toronto,2
"C18226171-CNIC,C258617372-CNIC",Co-operative Management Education,2
"C18214714-CNIC,C226053269-CNIC",Co-operative Press,2
"C18206956-CNIC,C77296802-CNIC",Coastal Electric Membership Corp.,2
"C33264931-CNIC,C33264913-CNIC",Colorado REA,2
"C336029301-CNIC,C492436529-CNIC",Columinate,2
"C47928391-CNIC,C133717433-CNIC",Confecoop Antioquia,2
"C18208756-CNIC,C559313212-CNIC",Confederacio de Cooperativas de Catalunya,2
"C18217552-CNIC,C47364279-CNIC",Confederacion de Cooperativas de Euskadi,2
"C172298018-CNIC,C18218662-CNIC",Consejo Superior de Cooperativas de Euskadi,2
"C205859755-CNIC,C156091883-CNIC",Consortium de ressources et expertises cooperatives,2
"C18217399-CNIC,C18218608-CNIC",Consumers Co-oppative Fukui,2
"C283909209-CNIC,C283901794-CNIC",Continental Cooperative Services,2
"C100935362-CNIC,C100934586-CNIC",Coop FR,2
"C18214498-CNIC,C283894884-CNIC",Coopaname,2
"C329068841-CNIC,C18221347-CNIC",CooperFed R.L.,2
"C18211036-CNIC,C18228235-CNIC",Cooperativa Mariano Acosta Ltda,2
"C120880638-CNIC,C277924449-CNIC",Cooperativa Nacional de Odontologos (COODONTOLOGOS),2
"C540305734-CNIC,C562769838-CNIC",Cooperativa Obrera Ltda.,2
"C540301879-CNIC,C540301664-CNIC",Cooperativa Telefonica de V.G.G. Limitada,2
"C21778693-CNIC,C215399349-CNIC",Cooperativa de Trabajo Gcoop,2
"C95466588-CNIC,C132579269-CNIC",Cooperativa de Trabajo Gcoop Ltda.,2
"C541038619-CNIC,C658307509-CNIC",Cooperativa de Trabajo Hub Ispirare Ltda.,2
"C687160648-CNIC,C687175138-CNIC",Cooperative CO-HOP,2
"C18209254-CNIC,C18224695-CNIC",Cooperative Development Services,2
"C131628847-CNIC,C130244018-CNIC",Cooperative Economic Empowerment Movement of the Inland Empire,2
"C610643838-CNIC,C610649108-CNIC",Cooperative Formations - Societe cooperative a actions simplifiee,2
"C379281400-CNIC,C379279525-CNIC",Cooperative Fund of New England,2
"C30296575-CNIC,C47236711-CNIC",Cooperative Insurance System of the Philippines,2
"C18209953-CNIC,C651985434-CNIC",Cooperative Network,2
"C197517779-CNIC,C81402613-CNIC",Cooperative Regions of Organic Producer Pools,2
"C18213625-CNIC,C18227392-CNIC",Cooperative Research Network,2
"C89556304-CNIC,C155950833-CNIC",Cooperative Support Services,2
"C91760582-CNIC,C348042641-CNIC",Cooperative de developpement regional du Quebec,2
"C606796363-CNIC,C606796468-CNIC",Cooperative de solidarite plein air de l'Abitibi-Temiscamingue,2
"C274746208-CNIC,C274793543-CNIC",Cooperative pour l'Agriculture de Proximite Ecologique,2
"C18231454-CNIC,C482572524-CNIC",Cooperatives Europe,2
"C18214744-CNIC,C18219619-CNIC",Coopetarivas Agro-Alimentarias,2
"C39472461-CNIC,C523070875-CNIC",Cooprative de dveloppement rgional Outaouais Laurentides,2
"C18212035-CNIC,C18212038-CNIC",Coseva Pluriservizi Scrl,2
"C18212083-CNIC,C375580666-CNIC",Crystal Valley Cooperative,2
"C361538006-CNIC,C644953963-CNIC",Cultura21,2
"C20494817-CNIC,C167753023-CNIC",Damnet scrl,2
"C18226894-CNIC,C179283592-CNIC",Data Commons Co-op,2
"C18207013-CNIC,C532266479-CNIC",Delta Electric Power Assn.,2
"C665601949-CNIC,C665602179-CNIC",Diverge Finance Cooperative,2
"C18206656-CNIC,C117563781-CNIC",Domains.coop Limited,2
"C18225415-CNIC,C228282109-CNIC","E.I. L'Eina, SCCL",2
"C77112948-CNIC,C201389879-CNIC",ECOBIO,2
"C154648989-CNIC,C154639323-CNIC",ECOS Grup Cooperatiu SCCL,2
"C18221203-CNIC,C157421658-CNIC",EFIGRAIN,2
"C18224923-CNIC,C39174925-CNIC",EGERTON UNIVERSITY SACCO LIMITED,2
"C520751344-CNIC,C537561219-CNIC",EPI ENERGIA POR LA IGUALDAD SCCL,2
"C509746169-CNIC,C509746179-CNIC","ETICOM SOM CONNEXIO, Societat Cooperativa Catalana  Limitada",2
"C141190598-CNIC,C208412020-CNIC",Earthworker Cooperative,2
"C18207529-CNIC,C38693777-CNIC",East Central/Select Sires Cooperative,2
"C18218389-CNIC,C18231436-CNIC",Edinburgh Solar Co-op,2
"C199962944-CNIC,C160269058-CNIC",Elan batisseur,2
"C18222169-CNIC,C18228712-CNIC",Elan createur,2
"C75489455-CNIC,C18720359-CNIC",Electric Cooperatives of Mississippi,2
"C273946828-CNIC,C481447529-CNIC",Espai Ambiental SCCL,2
"C18214303-CNIC,C18214306-CNIC",Essential Trading Co-op Ltd,2
"C18220468-CNIC,C18220471-CNIC",Essential Trading Co-operative Ltd,2
"C18232414-CNIC,C526349389-CNIC",Everything Co-op,2
"C144352443-CNIC,C207137735-CNIC",Excite Credit Union,2
"C679023633-CNIC,C683595268-CNIC",Exponential Health LCA,2
"C47271944-CNIC,C47271712-CNIC",FAA Credit Union,2
"C92832100-CNIC,C157016358-CNIC",FASOLMUSIC.COOP SOCIETA' COOPERATIVA,2
"C89527991-CNIC,C18214606-CNIC",FCAC,2
"C18212311-CNIC,C450518576-CNIC",FEVECTA,2
"C137683407-CNIC,C137683517-CNIC",FFCGA,2
"C35964047-CNIC,C375496976-CNIC",FNSCHLM,2
"C279054424-CNIC,C191390044-CNIC",FQCMS,2
"C132816969-CNIC,C132817704-CNIC",FUNDACIO CATALUNYA-LA PEDRERA,2
"C18210301-CNIC,C258418617-CNIC",Fairfax County FCU Inc,2
"C18212686-CNIC,C46854902-CNIC",Farmers Co op Association,2
"C214306454-CNIC,C655845064-CNIC",Farmers Coop Society,2
"C509512604-CNIC,C509512369-CNIC",Farmhouse Kitchens,2
"C86748245-CNIC,C376840605-CNIC",Fechimm,2
"C287218874-CNIC,C582657143-CNIC",Federacion de Cooperativas de Produccion del Uruguay,2
"C333577091-CNIC,C283910984-CNIC",Federated Co-operatives Limited,2
"C44738922-CNIC,C44738955-CNIC",Federation Nationale des Societes Cooperatives dHLM,2
"C334308891-CNIC,C579554403-CNIC",Federation des cooperatives d'alimentation du Quebec Inc.,2
"C18220804-CNIC,C35763406-CNIC",Federation des cooperatives funeraires du Quebec,2
"C215392544-CNIC,C18223003-CNIC",Financiera Comultrasan,2
"C283897404-CNIC,C283904579-CNIC",First Alliance Credit Union,2
"C283908389-CNIC,C531134669-CNIC",Fleming Mason Energy,2
"C18222676-CNIC,C18224161-CNIC",Food Co-op Initiative,2
"C606924783-CNIC,C606925113-CNIC",Forty Acre Cooperative,2
"C417795721-CNIC,C501479244-CNIC",Fredericksburg Food Co-op,2
"C18228007-CNIC,C18228010-CNIC",Freedom First Federal Credit Union,2
"C184520647-CNIC,C184516732-CNIC",Fruits de Ponent Cooperativa dAlcarras,2
"C191709544-CNIC,C235726279-CNIC",GROUPE PILOTE,2
"C18207487-CNIC,C440839621-CNIC","GROWMARK, Inc.",2
"C18225097-CNIC,C144326268-CNIC","Garden City Co-op, Inc.",2
"C18230227-CNIC,C18231679-CNIC",GeDinfo soc coop,2
"C588091318-CNIC,C595124763-CNIC",Geeks Without Bounds,2
"C18216904-CNIC,C18223276-CNIC",Genossenschaftsverband Bayern e.V.,2
"C404047975-CNIC,C404047985-CNIC",Go Free Range Ltd,2
"C173487508-CNIC,C172330393-CNIC",Golden Spread Electric Cooperative,2
"C364990606-CNIC,C283905619-CNIC",Government ECU of El Paso,2
"C348355401-CNIC,C383235490-CNIC",Grand Forks Credit Union,2
"C18209401-CNIC,C18216883-CNIC",Green Fields Market,2
"C283905819-CNIC,C283907614-CNIC",GreenStar Cooperative Market,2
"C18212812-CNIC,C372917426-CNIC",Greenbelt Electric Cooperative,2
"C283907994-CNIC,C283892574-CNIC",Greenbelt Homes Inc.,2
"C559162992-CNIC,C566135703-CNIC",Guyana Social Enterprise,2
"C669647313-CNIC,C669648713-CNIC",HORTAMAR SDAD COOP ANDALUZA,2
"C18214873-CNIC,C18230728-CNIC",Habitation Familiale,2
"C18207586-CNIC,C18232432-CNIC",Harlowsave Credit Union,2
"C18227827-CNIC,C519920429-CNIC",Haywood Academy,2
"C18214294-CNIC,C223971194-CNIC",Hike Cooperativa Sociale a r.l.,2
"C283905279-CNIC,C667466783-CNIC",Hood River Electric Cooperative,2
"C18220150-CNIC,C260559277-CNIC",Hoosier Energy REC INC.,2
"C84200794-CNIC,C283905634-CNIC",Horizon Resources,2
"C193051064-CNIC,C251503572-CNIC",Hostsharing eG,2
"C219362274-CNIC,C219362284-CNIC",Hudson Valley FCU,2
"C18207637-CNIC,C78081703-CNIC",ICMIF,2
"C211175500-CNIC,C269188338-CNIC",InVivo Group,2
"C18224077-CNIC,C215851899-CNIC",Independent Stationers,2
"C491967089-CNIC,C658361359-CNIC",Innovatree,2
"C18213007-CNIC,C18226060-CNIC",Instituto Movilizador de Fondos Cooperativos,2
"C18223543-CNIC,C489000379-CNIC",Intermountain Rural Electric Association,2
"C557512488-CNIC,C29562798-CNIC",Internationale Produzenten Organisation eG,2
"C18218986-CNIC,C18222328-CNIC",Japanese Consumers' Co-operative Union,2
"C18223141-CNIC,C18224503-CNIC",Japanese Health and Welfare Co-operative Federation,2
"C45872565-CNIC,C18232306-CNIC","Jason Wiener, p.c.",2
"C271932613-CNIC,C271932638-CNIC",Jejusquare Corp,2
"C666850103-CNIC,C666848198-CNIC",Jewella Privacy LLC,2
"C123325501-CNIC,C334253171-CNIC","KOP DE MA BAR, SCCL",2
"C18227659-CNIC,C18227671-CNIC",Kitatama Central Health Co-operative,2
"C139920865-CNIC,C139920834-CNIC","Knouse Foods Cooperative, Inc.",2
"C290841544-CNIC,C645353173-CNIC",KnowledgeWorker,2
"C76208989-CNIC,C76209214-CNIC",L ESPER,2
"C619720073-CNIC,C677697213-CNIC",LEGA REGIONALE COOPERATIVE E MUTUE,2
"C476279819-CNIC,C561599318-CNIC",LEGACOOP EMILIA ROMAGNA,2
"C18224536-CNIC,C362570316-CNIC",La Coop Carbone,2
"C18212626-CNIC,C18223318-CNIC",La Equidad Seguros OC,2
"C18217117-CNIC,C76713703-CNIC",La Montanita Food Co-op,2
"C18211432-CNIC,C547553114-CNIC",La Segunda Coop Ltda de Seguros Generales,2
"C28727263-CNIC,C145925003-CNIC",LaCol SCCL,2
"C18227233-CNIC,C664600354-CNIC",Lagos State Cooperative Finance & Investment Society Limited,2
"C571267423-CNIC,C631220373-CNIC",Lake Life Co-op Systems,2
"C18211774-CNIC,C18226630-CNIC",Legacoop Liguria,2
"C132728477-CNIC,C473952579-CNIC",Les Fees Speciales,2
"C18215278-CNIC,C128686159-CNIC",Les Rencontres du Mont Blanc,2
"C44006746-CNIC,C281607279-CNIC",Lexington Real Foods Community Coop,2
"C18231061-CNIC,C178399267-CNIC",Librairie Les Volcans,2
"C18212629-CNIC,C335577336-CNIC",Librarie Coop Ahuntsic,2
"C18210076-CNIC,C139306802-CNIC",Lincolnshire Co-operative Ltd,2
"C18224158-CNIC,C286501299-CNIC",Lincolshire Co-operative,2
"C554004923-CNIC,C563509523-CNIC",Living Water Cooperative,2
"C517622664-CNIC,C517622749-CNIC",Louisville Association for Community Economics,2
"C283897759-CNIC,C283890584-CNIC",Manitoba Cooperative Association,2
"C283929664-CNIC,C283929729-CNIC",Manson Growers Cooperative,2
"C18207403-CNIC,C78903977-CNIC",Maquoketa Valley Electric Coop.,2
"C283894924-CNIC,C283894939-CNIC",Marshland Community Federal Credit Union,2
"C18215365-CNIC,C18215377-CNIC","Matanuska Electric Association, Inc.",2
"C547754034-CNIC,C547754029-CNIC",Mattole Uplift Cooperative,2
"C18229174-CNIC,C572818683-CNIC",MediaBlaze Hosting Limited,2
"C283884844-CNIC,C283913169-CNIC",Mediagroup98 Soc. Coop.,2
"C18301707-CNIC,C638974468-CNIC",Medical Financial Cooperative,2
"C283908244-CNIC,C283890369-CNIC",Members' Choice Federal Credit Union,2
"C156967288-CNIC,C156967183-CNIC",Mica DIY Ltd,2
"C18214489-CNIC,C452758721-CNIC",Mid Plains Telephone Cooperative,2
"C28771313-CNIC,C202427665-CNIC",MidSouth Synergy,2
"C127920915-CNIC,C314623491-CNIC",Middle Tennessee Electric Membership Corporation,2
"C364989686-CNIC,C283902099-CNIC",Midwest Energy Cooperative,2
"C18209545-CNIC,C123697731-CNIC",Minnesota Credit Union Network,2
"C283902534-CNIC,C364989276-CNIC",Mobioil FCU IS&T,2
"C283889034-CNIC,C283887989-CNIC",Mohave Electric Coop,2
"C579901583-CNIC,C579901588-CNIC",Montana Cooperative Development Center,2
"C18224137-CNIC,C18224140-CNIC",Montana Health Cooperative,2
"C283906944-CNIC,C18231640-CNIC",Moscow Food Co-op,2
"C18206650-CNIC,C18211867-CNIC",Mother Dairy Fruit & Vegetable Private Limited,2
"C18211006-CNIC,C33546248-CNIC",Mountain Equipment Co op,2
"C18210613-CNIC,C18224149-CNIC",Mouvement Desjardins,2
"C638653093-CNIC,C202570090-CNIC",Mouvement des caisses Desjardins,2
"C540327034-CNIC,C646562104-CNIC",Mundo Cooperativo SH de Palacio Santiago y Tasso Lucas,2
"C18209281-CNIC,C18216343-CNIC",NASA Federal Credit Union,2
"C18209665-CNIC,C18231151-CNIC",NASCO,2
"C30540790-CNIC,C620079913-CNIC",NATIONAL CO-OPERATIVE ORGANISATION OF MALAYSIA,2
"C18206683-CNIC,C288014649-CNIC",NCB,2
"C624912048-CNIC,C624912163-CNIC",NHEC,2
"C283908629-CNIC,C283897099-CNIC",NJ Credit Union League,2
"C46948013-CNIC,C18218830-CNIC",NRCO,2
"C18206680-CNIC,C18207544-CNIC",NRTC,2
"C18213337-CNIC,C18225685-CNIC",National Cooperative Union of India,2
"C18206647-CNIC,C141260552-CNIC",National Dairy Development Board,2
"C210918245-CNIC,C655353429-CNIC",NeedsMap / İhtiyaç Haritası,2
"C332937376-CNIC,C18231379-CNIC",Neighboring Food Co-op Association,2
"C283908314-CNIC,C283907899-CNIC","New Mexico RECA, Inc.",2
"C18211840-CNIC,C639166973-CNIC",New Vision Co op,2
"C588830328-CNIC,C587305958-CNIC",NewB SCE,2
"C18215272-CNIC,C96550319-CNIC",North Arkansas Electric Coop. Inc.,2
"C20538726-CNIC,C300255984-CNIC",North Carolina Electric Membership Corp,2
"C291571224-CNIC,C291571139-CNIC",Northeast Power,2
"C80315379-CNIC,C80315389-CNIC","Northern Lights, Inc.",2
"C327875611-CNIC,C234299624-CNIC",Northwest Cooperative Development Center,2
"C555254498-CNIC,C518242629-CNIC",Not Disclosed,2
"C170773583-CNIC,C529951944-CNIC",Novacitis scrlfs,2
"C364990906-CNIC,C283897849-CNIC",ODEC,2
"C18231964-CNIC,C361126771-CNIC",OPTIVAL,2
"C18224860-CNIC,C18225970-CNIC",ORGA-SOFT Cooperation GmbH,2
"C75373122-CNIC,C86814849-CNIC",Ocean Spray,2
"C272739858-CNIC,C569692173-CNIC",Oficina de Innovacion Civica S.Coop.,2
"C283898414-CNIC,C283901929-CNIC",Ohio Valley Community Credit Union,2
"C615649178-CNIC,C318060596-CNIC",Onion River Cooperative,2
"C206099380-CNIC,C627298043-CNIC",Ontario Co-operative Association,2
"C658409584-CNIC,C658410214-CNIC",Ontario Musicians Co-operative Inc,2
"C223923869-CNIC,C606700138-CNIC",Opcions de Consum Responsable sccl,2
"C18207682-CNIC,C127898036-CNIC","Otsego Electric Cooperative, Inc.",2
"C18226975-CNIC,C525586719-CNIC",Our Table Cooperative,2
"C220317639-CNIC,C282669304-CNIC",OurPower Energiegenossenschaft SCE mbH,2
"C69809985-CNIC,C209769025-CNIC",Oxalis,2
"C18217531-CNIC,C30852830-CNIC",PBC Credit Union,2
"C200889509-CNIC,C585798073-CNIC",PIIP,2
"C283908559-CNIC,C283895929-CNIC",PNWFC,2
"C560553488-CNIC,C561347628-CNIC",Painters Cooperative of New London,2
"C18206959-CNIC,C529674189-CNIC",Palmetto Electric Cooperative,2
"C33131402-CNIC,C510670784-CNIC",Patty Pan Cooperative,2
"C18208222-CNIC,C491766809-CNIC",Paul Bunyan Rural Telephone Cooperative,2
"C18207721-CNIC,C30854847-CNIC",Pedernales Electric Cooperative,2
"C76699358-CNIC,C312823086-CNIC",Peel/Halton Co-operative Housing Federation,2
"C202607460-CNIC,C141627027-CNIC",Peninsula Homecare Cooperative,2
"C130234764-CNIC,C480783464-CNIC",Philippine Cooperative Central Fund Federation,2
"C18211639-CNIC,C172299668-CNIC",Pioneer Valley PhotoVoltaics Cooperative,2
"C83203976-CNIC,C620310653-CNIC",Plains Cotton Cooperative Association,2
"C18230035-CNIC,C18232375-CNIC",Plaza Nederland BV,2
"C348347126-CNIC,C348347131-CNIC",Politics Rewired,2
"C283885624-CNIC,C397079970-CNIC",Poudre Valley REA,2
"C541050334-CNIC,C18218977-CNIC",Precoperativa Preambiental,2
"C283908024-CNIC,C283906704-CNIC","Primera Turf, Inc.",2
"C127556924-CNIC,C215687014-CNIC",Prince George Electric Cooperative,2
"C374866161-CNIC,C375572901-CNIC",Prosper Cooperative,2
"C228361989-CNIC,C151309918-CNIC",Quality Supply Chain Co-op,2
"C654759374-CNIC,C654759459-CNIC",RChain,2
"C18212260-CNIC,C18228658-CNIC",RGV Credit Union,2
"C18209749-CNIC,C202583400-CNIC",Rabobank International,2
"C657994629-CNIC,C657994724-CNIC",Radical Brewing Cooperative,2
"C283907409-CNIC,C283907539-CNIC","Rainbow Grocery Cooperative, Inc.",2
"C283909234-CNIC,C283896604-CNIC","Rappahannock Natural Foods Cooperative, Inc",2
"C38757111-CNIC,C619093468-CNIC",Republique Democratique du Congo,2
"C18223216-CNIC,C408662091-CNIC",Revolver Co-operative Ltd,2
"C516728284-CNIC,C621775323-CNIC",Rising Sand Organics Cooperative Farm,2
"C18207790-CNIC,C283909104-CNIC",Rock Energy Cooperative,2
"C283909594-CNIC,C495295829-CNIC","Rockingham Cooperative Farm Bureau, Inc.",2
"C193465809-CNIC,C252915907-CNIC",Rocky REA,2
"C328649046-CNIC,C328648781-CNIC",SASCCV LA GABARE,2
"C136109718-CNIC,C468810641-CNIC",SCA SALINES DE GUERANDE,2
"C679490768-CNIC,C679490868-CNIC",SCIC Montessori by Nature,2
"C509430069-CNIC,C515377169-CNIC",SCM Smart Coop Management eG,2
"C283893499-CNIC,C283893549-CNIC",SECOM,2
"C177807873-CNIC,C135990042-CNIC",SEIRA Fundacio per a la innovacio i projeccio del cooperativisme,2
"C124339892-CNIC,C123132082-CNIC",SUMA Foods,2
"C262042927-CNIC,C123348811-CNIC",Saint Peter Food Co-op,2
"C522649804-CNIC,C522649799-CNIC",SchoolsFirst Federal Credit Union,2
"C18227881-CNIC,C621732528-CNIC",Scottish Midland Co-operative Society Limited,2
"C18212068-CNIC,C275772189-CNIC",Seacoop Coop Sociale Onlus,2
"C18210904-CNIC,C18211453-CNIC",Seikatsu Club Consumers Cooperative Union,2
"C283908234-CNIC,C131973869-CNIC",Seven Seventeen CU Inc,2
"C18207847-CNIC,C214215144-CNIC",Shelby Electric Cooperative,2
"C22120737-CNIC,C18207850-CNIC","Shenandoah Valley Electric Coop.,In",2
"C225391669-CNIC,C636505528-CNIC",Sicredi,2
"C522246194-CNIC,C522248614-CNIC",SigmoidBell,2
"C274803818-CNIC,C619381958-CNIC",Sioux Honey Association,2
"C18211993-CNIC,C18211996-CNIC",Societe Financiere de La NEF,2
"C208759890-CNIC,C619230303-CNIC",Solidarity Economy Association Ltd.,2
"C18207286-CNIC,C220288344-CNIC",South Central Indiana REMC,2
"C18207853-CNIC,C18230023-CNIC","South Plains Elect. Coop., Inc.",2
"C283890479-CNIC,C146090293-CNIC",Southwest Electric,2
"C18209911-CNIC,C151658933-CNIC",State Employees' Credit Union,2
"C318780406-CNIC,C318780441-CNIC",Stichting Agriterra,2
"C321666561-CNIC,C321666891-CNIC",Store Local Corp.,2
"C196723614-CNIC,C140941248-CNIC",Studio creatif Coloc - coop de travail,2
"C202436095-CNIC,C18220333-CNIC",Suara Sociedad Cooperativa,2
"C210666590-CNIC,C211620119-CNIC",Sugar Cane Growers Cooperative of Florida,2
"C601603518-CNIC,C601601413-CNIC",SuperSigns,2
"C124963246-CNIC,C482292959-CNIC",SurgiQual Institute,2
"C18227005-CNIC,C18227041-CNIC",TERRENA COOPERATIVE AGRICOLE,2
"C119491238-CNIC,C244724284-CNIC",TRISKALIA,2
"C106287898-CNIC,C298319809-CNIC",Tazebaez S.Coop,2
"C18212146-CNIC,C31484536-CNIC",Tennessee Farmers Cooperative,2
"C208139475-CNIC,C211919894-CNIC",The Bradford Co-operative Association,2
"C467146396-CNIC,C598582993-CNIC",The Co-operative Federation Ltd,2
"C496401864-CNIC,C496401859-CNIC",The Coca-Cola Company,2
"C161725228-CNIC,C244305209-CNIC",The Contractor Co-operative Limited,2
"C462072596-CNIC,C619193768-CNIC",The Drivers Cooperative,2
"C283906684-CNIC,C283883759-CNIC",The Food Co-op,2
"C100552838-CNIC,C165547923-CNIC",The Internet of Ownership,2
"C646572909-CNIC,C646572964-CNIC",The Local Crowd Cooperative,2
"C218249759-CNIC,C304516419-CNIC",The Society for the Reduction of Carbon Limited,2
"C283883219-CNIC,C283883184-CNIC",The Veterinary Cooperative,2
"C364993516-CNIC,C283903879-CNIC",Toledo Area Community Credit Union,2
"C174012613-CNIC,C300251844-CNIC",Trama SCCL,2
"C202400305-CNIC,C202903000-CNIC",UCAMAN,2
"C18223672-CNIC,C475213614-CNIC",UCEV Unio Cooperatives d'Ensenyament Valencianes,2
"C138409919-CNIC,C135336448-CNIC",UP,2
"C18214054-CNIC,C375929326-CNIC",URSCOP AUVERGNE RHONE ALPES,2
"C83703237-CNIC,C564925593-CNIC",URSCOP Ile de France,2
"C18209287-CNIC,C18219637-CNIC",US Postal Service FCU,2
"C18210016-CNIC,C630723148-CNIC",USAgencies CU,2
"C283900564-CNIC,C283890099-CNIC",USU Charter Federal Credit Union,2
"C133403736-CNIC,C133403566-CNIC",UW Credit Union,2
"C117805621-CNIC,C560568083-CNIC",Union Regionale des SCOP Aquitaine,2
"C18218602-CNIC,C18218620-CNIC",Union Regionale des SCOP Languedoc Roussillon,2
"C507570024-CNIC,C507570039-CNIC","Union Rural Electric Cooperative, Inc.",2
"C315572416-CNIC,C315572441-CNIC",Unite de travail pour l'implantation de logement etudiant (UTILE),2
"C18209710-CNIC,C578360268-CNIC",United Educators Credit Union,2
"C176403333-CNIC,C176398068-CNIC","United Electric Co op, Inc.",2
"C283906124-CNIC,C283890329-CNIC",United Solutions Company,2
"C213708839-CNIC,C532830954-CNIC",UnitedDiversity LLP,2
"C19394242-CNIC,C203984500-CNIC",Urgence Bois-Francs,2
"C158019198-CNIC,C208484955-CNIC",VME Coop,2
"C164284773-CNIC,C364959236-CNIC",Valley Natural Foods,2
"C283900384-CNIC,C283909759-CNIC",Vancouver City Savings Credit Union,2
"C89295043-CNIC,C283890254-CNIC",Vermont FCU,2
"C283889249-CNIC,C283889779-CNIC",Vernon Communications Coop,2
"C18207982-CNIC,C18207985-CNIC","Vigilante Electric Cooperative, Inc",2
"C18209041-CNIC,C283900734-CNIC",Virginia Credit Union League,2
"C152529813-CNIC,C206202015-CNIC",Voltes Arquitectura,2
"C283896794-CNIC,C283896844-CNIC",Voyageur Communications Coop,2
"C537116964-CNIC,C537116969-CNIC",WTO,2
"C18207988-CNIC,C18214930-CNIC",Wabash Valley Power Association,2
"C312324411-CNIC,C498961519-CNIC","We Own Global, PBC",2
"C496385544-CNIC,C496380579-CNIC",WeOwnit Cooperative,2
"C18211393-CNIC,C45283174-CNIC",Weaver Street Market,2
"C46691968-CNIC,C512595054-CNIC",Webarchitects,2
"C18209920-CNIC,C125803503-CNIC",Wedge Community Co-op,2
"C18207997-CNIC,C18221572-CNIC",Wells Rural Electric Company,2
"C18208288-CNIC,C39287012-CNIC",Wes Tex Telephone Cooperative,2
"C39706250-CNIC,C39706386-CNIC",West Kentucky Rural Telephone,2
"C18216052-CNIC,C567374903-CNIC",Westmill Wind Farm Co-operative,2
"C18225319-CNIC,C685515988-CNIC",Whole Foods Cooperative,2
"C18207907-CNIC,C92039293-CNIC",Wilco Farmers,2
"C126599031-CNIC,C126598473-CNIC",Wiregrass Electric Cooperative Inc.,2
"C18215425-CNIC,C18227935-CNIC",Wisconsin Credit Union League,2
"C136027094-CNIC,C18229126-CNIC",Work For Change Ltd.,2
"C18209983-CNIC,C18225808-CNIC",Wright Patt CU Inc,2
"C576735043-CNIC,C576735088-CNIC",Yampa Valley Electric Association,2
"C18213196-CNIC,C18213208-CNIC",Zenrosai,2
"C38812020-CNIC,C75040101-CNIC",c/o EnCirca Privacy Service,2
"C113202016-CNIC,C18225061-CNIC",coop eG,2
"C89964618-CNIC,C288465769-CNIC",farm.coop SCRL,2
"C180679102-CNIC,C269967843-CNIC",femprocomuns SCCL,2
"C18225409-CNIC,C37738891-CNIC",iCOOP KOREA,2
"C18210832-CNIC,C18210835-CNIC",insite,2
"C296219219-CNIC,C488223914-CNIC",troizaire,2
"C18217126-CNIC,C18230875-CNIC",ucoop,2
"C522965949-CNIC,C522965999-CNIC,C522966024-CNIC",AIDE@VENIR SUD-GIRONDE,3
"C267765088-CNIC,C204998910-CNIC,C226892014-CNIC",ALLIANCE BFC Union de Cooperatives Agricoles,3
"C180338807-CNIC,C209806165-CNIC,C263479587-CNIC","ANDALUZA DE INFORMATICA Y OFIMATICA, S.C.A.",3
"C18220204-CNIC,C18222670-CNIC,C18230980-CNIC",ASTERA,3
"C135450271-CNIC,C199980439-CNIC,C200012579-CNIC",AVELTIS,3
"C364553766-CNIC,C364553771-CNIC,C364553776-CNIC",Aberdeen Federal Credit Union,3
"C23913027-CNIC,C225858254-CNIC,C658201584-CNIC",Agri-mark / Cabot Creamery Coop,3
"C382417905-CNIC,C382419190-CNIC,C283905989-CNIC",Arizona Credit Union League,3
"C18206764-CNIC,C40089115-CNIC,C359075271-CNIC",Arkansas Electric Cooperative,3
"C537734179-CNIC,C540755014-CNIC,C616108228-CNIC",Australian Disability Ltd,3
"C18224266-CNIC,C18226825-CNIC,C547267299-CNIC",Banyan Project,3
"C18206785-CNIC,C18206788-CNIC,C204623390-CNIC",Basin Electric Power Cooperative,3
"C367344551-CNIC,C367344556-CNIC,C367344571-CNIC",Bayview Coop c/o Inspired Social Impact,3
"C218539759-CNIC,C18228076-CNIC,C39889053-CNIC",Brownhill Primary Academy,3
"C18208552-CNIC,C18221242-CNIC,C18222136-CNIC",CDF Canada,3
"C151322308-CNIC,C151322353-CNIC,C150612458-CNIC",Canadian Co-operative Investment Fund,3
"C302854454-CNIC,C302855584-CNIC,C295846849-CNIC",Cap Services,3
"C18224218-CNIC,C582249298-CNIC,C594285358-CNIC",Carolina Common Enterprise,3
"C306074634-CNIC,C306084884-CNIC,C175290518-CNIC",Central Coop,3
"C18206920-CNIC,C18213271-CNIC,C18223660-CNIC",Central Iowa Power Cooperative,3
"C231515104-CNIC,C230143899-CNIC,C288270159-CNIC",Co-operative Group Limited,3
"C18212536-CNIC,C50363819-CNIC,C330123746-CNIC",Co-operatives UK Limited,3
"C283901229-CNIC,C283901264-CNIC,C375443791-CNIC",CoServ Electric,3
"C18206953-CNIC,C45664516-CNIC,C506693314-CNIC",Coastal Electric Cooperative,3
"C654827589-CNIC,C654826274-CNIC,C654827914-CNIC",Comax Cooperative agricole,3
"C18210700-CNIC,C18210958-CNIC,C18226807-CNIC",Consumers Co-operative Federation Coopnet,3
"C283909354-CNIC,C302990014-CNIC,C283883289-CNIC",Cornbelt Power Cooperative,3
"C18209284-CNIC,C18224659-CNIC,C455048396-CNIC","Credit Union National Association, Inc.",3
"C484221914-CNIC,C552030962-CNIC,C552030992-CNIC",Dandelion Collective Ltd,3
"C525183204-CNIC,C525183354-CNIC,C525183579-CNIC",Dazzle LCA c/o Zebras Unite,3
"C18219592-CNIC,C188116364-CNIC,C388811105-CNIC",Democracy at Work Institute,3
"C542122759-CNIC,C581130783-CNIC,C615457228-CNIC",ECOSEC,3
"C180672047-CNIC,C180667092-CNIC,C180670587-CNIC","East Kentucky Power Coop., Inc.",3
"C116654123-CNIC,C22319729-CNIC,C171254328-CNIC",FairShares Association,3
"C18210778-CNIC,C18228142-CNIC,C569637223-CNIC",Federaci de Cooperatives de Treball de Catalunya,3
"C283901454-CNIC,C283900934-CNIC,C283901409-CNIC",Federation of New York Housing Cooperatives,3
"C283904864-CNIC,C283905394-CNIC,C283904904-CNIC",Florida Central Credit Union,3
"C38425740-CNIC,C18207112-CNIC,C517162489-CNIC",Freeborn Mower Electric Cooperative,3
"C39771662-CNIC,C18218641-CNIC,C432923856-CNIC",Freedom Credit Union,3
"C458908416-CNIC,C281845994-CNIC,C284970919-CNIC",Freepress S. Coop. Mad.,3
"C376827500-CNIC,C377949900-CNIC,C377949915-CNIC",Friends Circle for Eden,3
"C18207571-CNIC,C127586389-CNIC,C127586409-CNIC",GCMMF Ltd. Amul India,3
"C283904969-CNIC,C283895029-CNIC,C283897734-CNIC",Golden Valley Electric Association,3
"C626188428-CNIC,C626188418-CNIC,C558702717-CNIC",Groupe Cooperatif Demain,3
"C18210847-CNIC,C83200382-CNIC,C506234694-CNIC",Honest Weight Food Co-op,3
"C551596549-CNIC,C31300930-CNIC,C129175815-CNIC","Hoosier Energy REC, Inc.",3
"C18217510-CNIC,C18221575-CNIC,C18210724-CNIC",INSITE,3
"C18214573-CNIC,C18223117-CNIC,C365360251-CNIC",Indiana Cooperative Development Center,3
"C139664921-CNIC,C404987030-CNIC,C405615090-CNIC",Joe Wheeler EMC,3
"C117785126-CNIC,C70173541-CNIC,C315836781-CNIC",La Ciutat Invisible SCCL,3
"C636298883-CNIC,C636298908-CNIC,C644806638-CNIC",Made in Rwanda Coop,3
"C615180778-CNIC,C612293668-CNIC,C616413818-CNIC",Marlboro Electric Coop,3
"C18215734-CNIC,C48763390-CNIC,C229083754-CNIC",Mediacoop Ltd.,3
"C18207445-CNIC,C211754884-CNIC,C579524583-CNIC",Meeker Co op Light & Power Assn.,3
"C18210802-CNIC,C18210805-CNIC,C18210808-CNIC",Minn Dak Farmers Cooperative,3
"C327635556-CNIC,C189590674-CNIC,C327493986-CNIC",Mitchell Coxan Creative Communications LLP,3
"C18216631-CNIC,C283897279-CNIC,C333538461-CNIC",Montana Credit Union Network,3
"C18209617-CNIC,C337128571-CNIC,C643568893-CNIC",National Cooperative Grocers Association,3
"C132856590-CNIC,C568891963-CNIC,C568893088-CNIC",National Dairy Development Boad,3
"C18208447-CNIC,C255560747-CNIC,C619399093-CNIC","National Information Solutions Cooperative, Inc.",3
"C283883529-CNIC,C283889384-CNIC,C283889379-CNIC","Northeast Oklahoma Electric Cooperative, Inc.",3
"C18223447-CNIC,C18223450-CNIC,C481210889-CNIC",ORCAB,3
"C621538383-CNIC,C627887903-CNIC,C621513353-CNIC",OTIS Federal Credit Union,3
"C18207655-CNIC,C18229555-CNIC,C564688578-CNIC",Oklahoma Assn. of Electric Coops.,3
"C84507938-CNIC,C84507840-CNIC,C84508111-CNIC",PARTIDO SOLIDARIO,3
"C283898579-CNIC,C364991926-CNIC,C364992161-CNIC",PCEC,3
"C20518238-CNIC,C307682666-CNIC,C319057406-CNIC",Patria Digitalis,3
"C210760330-CNIC,C210760005-CNIC,C210760225-CNIC",Raiffeisen e-force GmbH,3
"C18220189-CNIC,C83703256-CNIC,C83703246-CNIC",SADEL,3
"C112675267-CNIC,C112675212-CNIC,C539779324-CNIC",SC Telco FCU,3
"C325366996-CNIC,C317832096-CNIC,C317832111-CNIC",SCIC SAS BABEL.COOP,3
"C18225397-CNIC,C227161839-CNIC,C227161854-CNIC",SOCAPS,3
"C283899809-CNIC,C283899879-CNIC,C283909024-CNIC","SW Transmission Cooperative, Inc.",3
"C283883584-CNIC,C283911319-CNIC,C283911429-CNIC",Salem Electric,3
"C18208477-CNIC,C184094847-CNIC,C41269946-CNIC","Seminole Electric Co op, Inc.",3
"C18220564-CNIC,C148160323-CNIC,C286361624-CNIC",Sharenergy,3
"C18208528-CNIC,C108254957-CNIC,C549975759-CNIC",Singing River Electric Power Association,3
"C375964251-CNIC,C167952218-CNIC,C380364285-CNIC",Societe cooperative agricole,3
"C18212755-CNIC,C18228271-CNIC,C18228274-CNIC","Taylor Electric Cooperative, Inc.",3
"C283899129-CNIC,C283896484-CNIC,C283893814-CNIC","Texas Electric Cooperatives, Inc.",3
"C18214891-CNIC,C18226645-CNIC,C32193234-CNIC",The Agency for Co-operative Housing,3
"C581293898-CNIC,C581294098-CNIC,C581294288-CNIC",The Guild,3
"C18207955-CNIC,C18207958-CNIC,C30373305-CNIC",Tri County Electric Cooperative,3
"C4685183-CNIC,C325100331-CNIC,C542578789-CNIC","Tri-County Electric Cooperative, Inc.",3
"C283886369-CNIC,C283910409-CNIC,C332413221-CNIC",Tri-State G&T Association Inc.,3
"C283912729-CNIC,C283912839-CNIC,C283887964-CNIC",Tri-State Generation and Transmission,3
"C18213136-CNIC,C175040928-CNIC,C542170604-CNIC",U.S. Federation of Worker Cooperatives,3
"C18211516-CNIC,C18211522-CNIC,C18211525-CNIC",UCAL,3
"C153131993-CNIC,C18210823-CNIC,C564308538-CNIC",Union Invivo,3
"C33986750-CNIC,C33986759-CNIC,C134082315-CNIC",VIVACO groupe cooperatif,3
"C567398598-CNIC,C567398583-CNIC,C567398588-CNIC",West Assam Milk Producers' Cooperative Union Limited,3
"C31386048-CNIC,C163819068-CNIC,C112684103-CNIC","Y-W Electric Association, Inc.",3
"C18231316-CNIC,C519050584-CNIC,C519050589-CNIC",scael,3
"C617862878-CNIC,C683974438-CNIC,C630367593-CNIC,C631197848-CNIC",BCCM,4
"C18206830-CNIC,C300659039-CNIC,C300659689-CNIC,C300660274-CNIC",Boone Electric Cooperative,4
"C658387834-CNIC,C658387829-CNIC,C21040254-CNIC,C658387839-CNIC",Business Council of Co-operatives and Mutuals,4
"C18219847-CNIC,C20342401-CNIC,C158049273-CNIC,C221623464-CNIC",CCA Global Partners,4
"C18208705-CNIC,C18208711-CNIC,C18215338-CNIC,C605051183-CNIC",CGSCOP,4
"C280473539-CNIC,C18225709-CNIC,C18228646-CNIC,C84423823-CNIC",Caja Popular Mexicana,4
"C283910499-CNIC,C18213520-CNIC,C283910784-CNIC,C283910844-CNIC",Centre for the Study of Co-operatives,4
"C503398144-CNIC,C503395714-CNIC,C503398274-CNIC,C564216328-CNIC",Claiborne Electric Cooperative,4
"C515074809-CNIC,C620356633-CNIC,C628030803-CNIC,C628030863-CNIC",Coop Norge SA,4
"C337071301-CNIC,C283895104-CNIC,C84172934-CNIC,C280412854-CNIC",Cooperative Development Institute,4
"C283909889-CNIC,C283910259-CNIC,C283910179-CNIC,C283910304-CNIC",Cooperative Village Management,4
"C18209053-CNIC,C18237985-CNIC,C448913376-CNIC,C566284053-CNIC","Corporate One Credit Union, Inc.",4
"C283901139-CNIC,C283894864-CNIC,C283890629-CNIC,C283897559-CNIC",DUMMY HANDLE,4
"C283890484-CNIC,C283890494-CNIC,C283890519-CNIC,C283890409-CNIC",Darigold,4
"C283905824-CNIC,C283909244-CNIC,C283884559-CNIC,C283884589-CNIC",Delaware Electric Cooperative,4
"C569354188-CNIC,C569356958-CNIC,C579914378-CNIC,C579922183-CNIC","ECOMMERCE COOPERATIVE, LLC",4
"C305382044-CNIC,C305382079-CNIC,C469174806-CNIC,C469174621-CNIC",Farmers electric coop,4
"C154476043-CNIC,C154476363-CNIC,C154476563-CNIC,C154476443-CNIC",Great Lakes Energy,4
"C576839413-CNIC,C576839433-CNIC,C576839483-CNIC,C576839633-CNIC",Intermountain Farmers Association,4
"C515086454-CNIC,C515086459-CNIC,C645086998-CNIC,C665588524-CNIC",Local Government Federal Credit Union,4
"C18222085-CNIC,C168879678-CNIC,C168880723-CNIC,C246369119-CNIC",MAPA inc,4
"C18206665-CNIC,C18210607-CNIC,C539048124-CNIC,C543438834-CNIC",National Cooperative Business Association,4
"C18207490-CNIC,C18207502-CNIC,C18207511-CNIC,C18207520-CNIC",National Rural Utilities Cooperative Finance Corporation,4
"C440156871-CNIC,C440156891-CNIC,C440156876-CNIC,C440155466-CNIC",New Hampshire Electric Coop,4
"C463619426-CNIC,C463619526-CNIC,C463619566-CNIC,C463619606-CNIC",Northcentral Electric Power Association,4
"C283894054-CNIC,C283892709-CNIC,C283891479-CNIC,C283891689-CNIC",NuUnion,4
"C18227590-CNIC,C168996618-CNIC,C203688435-CNIC,C615960398-CNIC",ROC USA,4
"C23995497-CNIC,C248850102-CNIC,C248850112-CNIC,C649222724-CNIC",Scity,4
"C18210790-CNIC,C18219493-CNIC,C225902264-CNIC,C618778118-CNIC",Sollio Cooperative Group,4
"C18230872-CNIC,C175053533-CNIC,C177995483-CNIC,C234041284-CNIC",SostreCivic,4
"C654933619-CNIC,C654933604-CNIC,C654933589-CNIC,C138189099-CNIC",TERRE D'ALLIANCES,4
"C612217588-CNIC,C220320774-CNIC,C82020541-CNIC,C196480894-CNIC",TERRENA,4
"C283904319-CNIC,C283908439-CNIC,C283892864-CNIC,C283892549-CNIC",Timmy Bohlman,4
"C112195338-CNIC,C112194648-CNIC,C131423465-CNIC,C18222265-CNIC",UR SCOP MIDI PYRENEES,4
"C148303428-CNIC,C254491207-CNIC,C254414087-CNIC,C572449993-CNIC",Union de Cooperativas Agrarias de Navarra,4
"C65992308-CNIC,C65990893-CNIC,C65981348-CNIC,C65983837-CNIC",first credit union,4
"C18210448-CNIC,C18210460-CNIC,C18210472-CNIC,C18210484-CNIC",kanagawa coop,4
"C264143418-CNIC,C197521389-CNIC,C302545029-CNIC,C569997533-CNIC",printing.coop,4
"C575773093-CNIC,C575773098-CNIC,C575773103-CNIC,C575773113-CNIC,C666120159-CNIC",Alaska USA FCU,5
"C483682659-CNIC,C482892684-CNIC,C482893724-CNIC,C482894009-CNIC,C482893884-CNIC",BPCE,5
"C47582975-CNIC,C220954699-CNIC,C329878576-CNIC,C491229834-CNIC,C491229859-CNIC",COOPERER POUR ENTREPRENDRE,5
"C18229072-CNIC,C18229366-CNIC,C18229378-CNIC,C18229390-CNIC,C18229402-CNIC",Cooperativa Obrera Ltda,5
"C135929783-CNIC,C539909779-CNIC,C135929918-CNIC,C135924277-CNIC,C18221917-CNIC","Cooperativa de Ahorro, Credito y Servicios Universitaria Limitada",5
"C650283489-CNIC,C650283324-CNIC,C641107683-CNIC,C650283714-CNIC,C284274744-CNIC",Corporation Service Company,5
"C18210727-CNIC,C18216955-CNIC,C173166653-CNIC,C131792584-CNIC,C376305385-CNIC",EMC2,5
"C18208723-CNIC,C18229105-CNIC,C18229507-CNIC,C45746107-CNIC,C129659090-CNIC",Elabora Soc. Coop,5
"C113094252-CNIC,C113094378-CNIC,C113094203-CNIC,C113094146-CNIC,C113093178-CNIC",FreeState Electric Cooperative,5
"C401095695-CNIC,C202616575-CNIC,C554246133-CNIC,C569138328-CNIC,C569138338-CNIC",GCMMF,5
"C18226669-CNIC,C124058261-CNIC,C331489426-CNIC,C331490521-CNIC,C331490526-CNIC",Grower Information Services Cooperative,5
"C130842095-CNIC,C130842485-CNIC,C130842470-CNIC,C130842460-CNIC,C211188915-CNIC",Kentucky Assn. of Electric Coop.,5
"C680400228-CNIC,C680400333-CNIC,C680401013-CNIC,C680420728-CNIC,C680420798-CNIC","Lee County Electric Cooperative, Inc.",5
"C18209623-CNIC,C18216199-CNIC,C119006348-CNIC,C553951983-CNIC,C643530618-CNIC",NRECA,5
"C685558488-CNIC,C685558623-CNIC,C685558718-CNIC,C685558773-CNIC,C685558838-CNIC",Pachamama Coffee Cooperative of Small-Scale Coffee Producers,5
"C18231382-CNIC,C31471468-CNIC,C34050483-CNIC,C70398258-CNIC,C274001188-CNIC",Services Coop de France,5
"C640905778-CNIC,C640905783-CNIC,C640905793-CNIC,C664928944-CNIC,C664928949-CNIC","Shifted Paradigm Ventures, Inc.",5
"C621373178-CNIC,C618433783-CNIC,C598528348-CNIC,C598470788-CNIC,C507145264-CNIC","Southside Electric Cooperative, Inc.",5
"C420710586-CNIC,C420710676-CNIC,C429487311-CNIC,C429487326-CNIC,C628325528-CNIC","The Information Nonstock Cooperative Association, Inc.",5
"C18211357-CNIC,C195853534-CNIC,C195853294-CNIC,C18219448-CNIC,C195853054-CNIC",The Phone Co-op,5
"C283889394-CNIC,C283911009-CNIC,C283909309-CNIC,C283889389-CNIC,C290314534-CNIC",Tri-State Generation and Transmission Association,5
"C18210733-CNIC,C37201727-CNIC,C37201895-CNIC,C37202120-CNIC,C579824098-CNIC,C581086503-CNIC",COCETA,6
"C33155268-CNIC,C34103664-CNIC,C19625767-CNIC,C44722070-CNIC,C45746699-CNIC,C120867738-CNIC",CONFCOOPERATIVE,6
"C18223885-CNIC,C18223888-CNIC,C18223891-CNIC,C18223894-CNIC,C18223897-CNIC,C18222928-CNIC",Confederazione Cooperative Italiane (CONFCOOPERATIVE),6
"C620655098-CNIC,C620655298-CNIC,C620655393-CNIC,C620655423-CNIC,C620655493-CNIC,C620655578-CNIC",Daniel Charles,6
"C18220228-CNIC,C18220231-CNIC,C18224710-CNIC,C18225967-CNIC,C32394713-CNIC,C225489604-CNIC",East of England Co-operative Society Limited,6
"C18208099-CNIC,C18208111-CNIC,C18208123-CNIC,C18208135-CNIC,C18208147-CNIC,C18213904-CNIC","Horry Telephone Cooperative, Inc.",6
"C544720294-CNIC,C516885659-CNIC,C544718114-CNIC,C540048199-CNIC,C18223105-CNIC,C529323494-CNIC","Land O Lakes, Inc",6
"C76567710-CNIC,C18226072-CNIC,C76567549-CNIC,C78891087-CNIC,C80713559-CNIC,C178722927-CNIC",Rushmore Electric Power Cooperative,6
"C271135518-CNIC,C271136023-CNIC,C379147710-CNIC,C379147760-CNIC,C493266569-CNIC,C493266619-CNIC",Sostre Civic SCCL,6
"C607735533-CNIC,C607735578-CNIC,C607735518-CNIC,C607735528-CNIC,C556367538-CNIC,C607735313-CNIC",Wiki.Coop,6
"C283899004-CNIC,C283898899-CNIC,C283898954-CNIC,C283898659-CNIC,C283898924-CNIC,C283898744-CNIC,C283898759-CNIC",American Legend Cooperative,7
"C647035184-CNIC,C18218449-CNIC,C655807084-CNIC,C637973733-CNIC,C678980123-CNIC,C601098098-CNIC,C625886643-CNIC",Community Broadband Network,7
"C110004761-CNIC,C110004873-CNIC,C110005017-CNIC,C110005182-CNIC,C110005978-CNIC,C110007903-CNIC,C110004648-CNIC",Equal Exchange,7
"C34510987-CNIC,C18211291-CNIC,C18211294-CNIC,C18215131-CNIC,C18215134-CNIC,C18215137-CNIC,C488304634-CNIC",FCNQ,7
"C173860133-CNIC,C621427488-CNIC,C621427538-CNIC,C674109573-CNIC,C674109763-CNIC,C674109948-CNIC,C674110178-CNIC",SODIAAL UNION,7
"C18230548-CNIC,C197155519-CNIC,C215912154-CNIC,C271594693-CNIC,C286163384-CNIC,C303365149-CNIC,C321672236-CNIC,C370697376-CNIC",Central England Co-operative Limited,8
"C379899255-CNIC,C257561367-CNIC,C646042019-CNIC,C379864195-CNIC,C257562242-CNIC,C668246703-CNIC,C347973716-CNIC,C575087718-CNIC",La Coop Avantis,8
"C283890419-CNIC,C283889999-CNIC,C283890374-CNIC,C283890379-CNIC,C283890384-CNIC,C283890054-CNIC,C283890064-CNIC,C283890279-CNIC",Mid Atlantic Corp FCU,8
"C283892054-CNIC,C283897729-CNIC,C283904049-CNIC,C283893439-CNIC,C283897299-CNIC,C283909194-CNIC,C283892504-CNIC,C283897309-CNIC","Multigrain International, LLC",8
"C432939951-CNIC,C329481501-CNIC,C187041989-CNIC,C449971756-CNIC,C466373161-CNIC,C474523274-CNIC,C484360574-CNIC,C490137439-CNIC",Node Societa Cooperativa,8
"C519236669-CNIC,C437528336-CNIC,C437528541-CNIC,C509634229-CNIC,C509634279-CNIC,C556918038-CNIC,C556918253-CNIC,C556918298-CNIC",Pierce Pepin Cooperative Services,8
"C162055558-CNIC,C263596541-CNIC,C314678141-CNIC,C507364584-CNIC,C606868033-CNIC,C610164428-CNIC,C610164458-CNIC,C610164508-CNIC,C610164568-CNIC",Manzanares & Partners,9
"C303093424-CNIC,C303093649-CNIC,C303093149-CNIC,C303093369-CNIC,C303093199-CNIC,C303093434-CNIC,C303093484-CNIC,C303093524-CNIC,C303093549-CNIC,C506803829-CNIC",CAPRICORN,10
"C18210496-CNIC,C18210508-CNIC,C18210520-CNIC,C18210544-CNIC,C18210556-CNIC,C18218056-CNIC,C18218068-CNIC,C18218080-CNIC,C18230068-CNIC,C282040479-CNIC",CO-OP Tohoku Sunnet Bussines Federation,10
"C148877298-CNIC,C148671728-CNIC,C148877348-CNIC,C148879563-CNIC,C148877618-CNIC,C148673643-CNIC,C148880498-CNIC,C148894428-CNIC,C148905073-CNIC,C148877498-CNIC",Midcounties Cooperative,10
"C659288829-CNIC,C659289084-CNIC,C659289349-CNIC,C659289549-CNIC,C659289769-CNIC,C659290029-CNIC,C659290269-CNIC,C659290449-CNIC,C659472934-CNIC,C659473189-CNIC",The Middle Tennessee Electric Membership Corporation,10
"C162543288-CNIC,C181311537-CNIC,C175574063-CNIC,C200180699-CNIC,C207703330-CNIC,C236045479-CNIC,C286864144-CNIC,C359867556-CNIC,C574277898-CNIC,C636939503-CNIC,C637370928-CNIC",The Midcounties Co-operative,11
"C19024678-CNIC,C18999463-CNIC,C19024599-CNIC,C19024638-CNIC,C19024645-CNIC,C19024664-CNIC,C19024625-CNIC,C18220312-CNIC,C19024617-CNIC,C19024574-CNIC,C18224254-CNIC,C19024160-CNIC,C19024592-CNIC,C108633092-CNIC",Coop Danmark A/S,14
"C36740080-CNIC,C36747299-CNIC,C36747158-CNIC,C36747455-CNIC,C36747404-CNIC,C28442729-CNIC,C28442748-CNIC,C36749026-CNIC,C36748555-CNIC,C36748418-CNIC,C36748522-CNIC,C36748732-CNIC,C69643444-CNIC,C97651736-CNIC,C97800938-CNIC,C221494324-CNIC",COOP DE FRANCE,16
"C175586193-CNIC,C175586183-CNIC,C175586228-CNIC,C175586338-CNIC,C175586143-CNIC,C175586163-CNIC,C175586443-CNIC,C175586278-CNIC,C175586288-CNIC,C175585683-CNIC,C251455367-CNIC,C175585888-CNIC,C175586328-CNIC,C175585398-CNIC,C175585838-CNIC,C175586373-CNIC,C368551751-CNIC,C569337888-CNIC",International Co-operative Alliance,18
"C273279063-CNIC,C273278923-CNIC,C273278868-CNIC,C273279178-CNIC,C273279168-CNIC,C628313503-CNIC,C272127498-CNIC,C273279103-CNIC,C273279133-CNIC,C273278988-CNIC,C273278963-CNIC,C273279078-CNIC,C273278908-CNIC,C622182703-CNIC,C273279088-CNIC,C270006473-CNIC,C273278853-CNIC,C272127493-CNIC,C272127488-CNIC",GIE BPCE IT,19
"C18210703-CNIC,C18218092-CNIC,C18218104-CNIC,C18218116-CNIC,C18218128-CNIC,C18218140-CNIC,C18218152-CNIC,C18218164-CNIC,C18218176-CNIC,C18218188-CNIC,C18218200-CNIC,C18218212-CNIC,C18218224-CNIC,C18218236-CNIC,C18218248-CNIC,C18219853-CNIC,C18219865-CNIC,C18222409-CNIC,C559247952-CNIC",Pal System Consumers Cooperative Union,19
"C283885149-CNIC,C283909399-CNIC,C283883939-CNIC,C283889824-CNIC,C283886709-CNIC,C283888054-CNIC,C283887609-CNIC,C283887299-CNIC,C283885499-CNIC,C283883239-CNIC,C283883254-CNIC,C283884174-CNIC,C283883734-CNIC,C283884274-CNIC,C283884299-CNIC,C283884459-CNIC,C283885129-CNIC,C283884439-CNIC,C283885494-CNIC,C283885939-CNIC,C283911014-CNIC",COOP ALLEANZA 3.0 SOC. COOP.,21
"C18211075-CNIC,C18211087-CNIC,C18211096-CNIC,C18211105-CNIC,C18211123-CNIC,C18211132-CNIC,C18211141-CNIC,C18211150-CNIC,C18211159-CNIC,C18222454-CNIC,C18222460-CNIC,C18222466-CNIC,C18222472-CNIC,C18222478-CNIC,C18222484-CNIC,C18222490-CNIC,C18222496-CNIC,C18222502-CNIC,C18229510-CNIC,C18232318-CNIC,C18232324-CNIC,C121308686-CNIC",Coop Genossenschaft,22
"C300768589-CNIC,C318918006-CNIC,C251926977-CNIC,C300766939-CNIC,C318917726-CNIC,C318137706-CNIC,C202483600-CNIC,C318918076-CNIC,C202455625-CNIC,C202458785-CNIC,C202457610-CNIC,C202457115-CNIC,C485050064-CNIC,C485050069-CNIC,C485050074-CNIC,C485050084-CNIC,C485050089-CNIC,C485566689-CNIC,C485566694-CNIC,C485566699-CNIC,C485566704-CNIC,C485566709-CNIC,C485566719-CNIC",Credit Union Resources Inc,23
"C499126064-CNIC,C499126354-CNIC,C499126129-CNIC,C499125454-CNIC,C499125139-CNIC,C499123954-CNIC,C499124904-CNIC,C499124524-CNIC,C499124419-CNIC,C499124759-CNIC,C499124724-CNIC,C499123684-CNIC,C499124389-CNIC,C499121484-CNIC,C499123534-CNIC,C499121194-CNIC,C499126274-CNIC,C499125864-CNIC,C499124974-CNIC,C499126304-CNIC,C499124874-CNIC,C499125304-CNIC,C499124654-CNIC,C499124579-CNIC,C499124464-CNIC,C499124699-CNIC,C499123699-CNIC,C499123734-CNIC,C499123609-CNIC,C499123429-CNIC,C499125529-CNIC,C499125584-CNIC,C499122774-CNIC,C499573464-CNIC,C613274173-CNIC",Arctic Co-operatives Ltd,35
"C265260733-CNIC,C280746034-CNIC,C508826559-CNIC,C280812849-CNIC,C291570904-CNIC,C283104414-CNIC,C661593744-CNIC,C612899548-CNIC,C280813009-CNIC,C280812674-CNIC,C401095810-CNIC,C18222547-CNIC,C280813024-CNIC,C210652745-CNIC,C235028374-CNIC,C235028369-CNIC,C602689778-CNIC,C401088350-CNIC,C135990128-CNIC,C217934419-CNIC,C34098767-CNIC,C135989775-CNIC,C280814614-CNIC,C512306014-CNIC,C90063844-CNIC,C279093804-CNIC,C279093824-CNIC,C279093814-CNIC,C221171849-CNIC,C230690509-CNIC,C283076984-CNIC,C255099667-CNIC,C584772343-CNIC,C642997568-CNIC,C615250268-CNIC,C629478178-CNIC,C657525624-CNIC,C659537509-CNIC",,38
